date,code,name,open,close,high,low,volume
2021-12-28,600751,海航科技,2.96,3.0,3.05,2.92,77966091.0
2021-12-29,600751,海航科技,2.98,2.97,2.99,2.93,47698469.0
2021-12-30,600751,海航科技,2.96,2.97,3.0,2.95,45500536.0
2021-12-31,600751,海航科技,2.92,2.98,3.01,2.9,76657345.0
2022-01-04,600751,海航科技,2.81,3.03,3.06,2.8,225038579.0
2022-01-05,600751,海航科技,3.0,2.97,3.06,2.95,113188631.0
2022-01-06,600751,海航科技,2.96,2.91,2.97,2.9,80769995.0
2022-01-07,600751,海航科技,2.9,2.86,2.93,2.85,87694070.0
2022-01-10,600751,海航科技,2.86,2.86,2.88,2.82,57062236.0
2022-01-11,600751,海航科技,2.86,2.88,2.97,2.86,65689049.0
2022-01-12,600751,海航科技,2.88,2.88,2.9,2.85,38805112.0
2022-01-13,600751,海航科技,2.89,2.87,2.91,2.86,45407556.0
2022-01-14,600751,海航科技,2.88,2.81,2.88,2.81,59520577.0
2022-01-17,600751,海航科技,2.83,2.76,2.86,2.75,103184632.0
2022-01-18,600751,海航科技,2.76,2.77,2.8,2.73,59951603.0
2022-01-19,600751,海航科技,2.76,2.8,2.83,2.74,51218128.0
2022-01-20,600751,海航科技,2.79,2.71,2.81,2.7,56798331.0
2022-01-21,600751,海航科技,2.7,2.69,2.72,2.65,46818212.0
2022-01-24,600751,海航科技,2.68,2.68,2.7,2.65,26629149.0
2022-01-25,600751,海航科技,2.68,2.56,2.69,2.55,51926557.0
2022-01-26,600751,海航科技,2.57,2.6,2.61,2.56,31313533.0
2022-01-27,600751,海航科技,2.59,2.51,2.6,2.51,39860814.0
2022-01-28,600751,海航科技,2.52,2.76,2.76,2.52,102492409.0
2022-02-07,600751,海航科技,3.02,3.04,3.04,2.84,128642332.0
2022-02-08,600751,海航科技,3.13,3.0,3.13,2.94,396141616.0
2022-02-09,600751,海航科技,3.01,2.98,3.09,2.96,250245722.0
2022-02-10,600751,海航科技,2.96,3.06,3.11,2.95,299607584.0
2022-02-11,600751,海航科技,3.05,3.0,3.1,2.98,207560458.0
2022-02-14,600751,海航科技,3.0,2.99,3.02,2.92,123267535.0
2022-02-15,600751,海航科技,2.98,2.98,2.99,2.92,111350468.0
2022-02-16,600751,海航科技,2.96,3.0,3.05,2.96,101371812.0
2022-02-17,600751,海航科技,2.99,2.94,2.99,2.93,80500870.0
2022-02-18,600751,海航科技,2.92,3.05,3.09,2.92,178352049.0
2022-02-21,600751,海航科技,3.01,3.07,3.08,3.01,146790974.0
2022-02-22,600751,海航科技,3.03,3.15,3.35,3.03,312472192.0
2022-02-23,600751,海航科技,3.13,3.08,3.18,3.06,166314477.0
2022-02-24,600751,海航科技,3.06,2.96,3.1,2.91,190439988.0
2022-02-25,600751,海航科技,2.98,2.97,3.02,2.94,93190408.0
2022-02-28,600751,海航科技,2.97,3.06,3.08,2.91,151345975.0
2022-03-01,600751,海航科技,3.06,3.05,3.07,3.01,78204237.0
2022-03-02,600751,海航科技,3.04,3.06,3.11,3.03,95516880.0
2022-03-03,600751,海航科技,3.06,3.15,3.22,3.04,218359014.0
2022-03-04,600751,海航科技,3.12,3.08,3.14,3.04,126473974.0
2022-03-07,600751,海航科技,3.09,3.0,3.11,2.98,105634662.0
2022-03-08,600751,海航科技,2.99,3.18,3.25,2.95,269395808.0
2022-03-09,600751,海航科技,3.18,3.17,3.21,2.98,228848500.0
2022-03-10,600751,海航科技,3.2,3.17,3.24,3.12,161976684.0
2022-03-11,600751,海航科技,3.13,3.32,3.38,3.05,370431328.0
2022-03-14,600751,海航科技,3.24,3.18,3.34,3.16,216880679.0
2022-03-15,600751,海航科技,3.16,2.95,3.22,2.95,254091508.0
2022-03-16,600751,海航科技,3.0,3.07,3.1,2.91,200317243.0
2022-03-17,600751,海航科技,3.1,3.04,3.13,3.02,150000757.0
2022-03-18,600751,海航科技,3.01,3.15,3.2,3.0,204152891.0
2022-03-21,600751,海航科技,3.14,3.17,3.19,3.11,123082763.0
2022-03-22,600751,海航科技,3.14,3.17,3.24,3.14,130533881.0
2022-03-23,600751,海航科技,3.16,3.11,3.18,3.07,117996690.0
2022-03-24,600751,海航科技,3.08,3.03,3.08,3.01,97133869.0
2022-03-25,600751,海航科技,3.04,3.03,3.07,3.01,70279648.0
2022-03-28,600751,海航科技,3.02,3.08,3.08,2.98,69459035.0
2022-03-29,600751,海航科技,3.08,3.03,3.09,3.01,62245914.0
2022-03-30,600751,海航科技,3.02,3.05,3.07,3.0,62487137.0
2022-03-31,600751,海航科技,3.03,3.1,3.16,3.01,118245401.0
2022-04-01,600751,海航科技,3.08,3.08,3.09,3.04,75184154.0
2022-04-06,600751,海航科技,3.09,3.14,3.15,3.06,103686852.0
2022-04-07,600751,海航科技,3.1,3.03,3.14,3.03,105407049.0
2022-04-08,600751,海航科技,3.05,3.1,3.11,2.98,102710737.0
2022-04-11,600751,海航科技,3.1,3.02,3.14,2.98,134745067.0
2022-04-12,600751,海航科技,2.99,3.04,3.04,2.92,99399927.0
2022-04-13,600751,海航科技,3.03,2.95,3.03,2.95,69741577.0
2022-04-14,600751,海航科技,2.96,2.94,2.98,2.91,70241518.0
2022-04-15,600751,海航科技,2.93,2.83,2.94,2.8,100400237.0
2022-04-18,600751,海航科技,2.79,2.83,2.85,2.77,47854458.0
2022-04-19,600751,海航科技,2.83,2.84,2.87,2.8,40658917.0
2022-04-20,600751,海航科技,2.84,2.79,2.86,2.78,46943060.0
2022-04-21,600751,海航科技,2.78,2.68,2.79,2.66,61627283.0
2022-04-22,600751,海航科技,2.68,2.71,2.72,2.62,48619229.0
2022-04-25,600751,海航科技,2.75,2.8,2.97,2.72,161153834.0
2022-04-26,600751,海航科技,2.74,2.59,2.77,2.56,105147497.0
2022-04-27,600751,海航科技,2.55,2.68,2.68,2.4,79955833.0
2022-04-28,600751,海航科技,2.66,2.59,2.68,2.53,53657700.0
2022-04-29,600751,海航科技,2.62,2.75,2.84,2.59,82028490.0
2022-05-05,600751,海航科技,2.8,2.76,2.8,2.71,62482418.0
2022-05-06,600751,海航科技,2.7,2.7,2.73,2.66,41546861.0
2022-05-09,600751,海航科技,2.67,2.71,2.74,2.67,40274226.0
2022-05-10,600751,海航科技,2.68,2.7,2.72,2.65,43244616.0
2022-05-11,600751,海航科技,2.7,2.68,2.74,2.68,63793726.0
2022-05-12,600751,海航科技,2.68,2.67,2.7,2.58,63255530.0
2022-05-13,600751,海航科技,2.66,2.66,2.7,2.64,34741891.0
2022-05-16,600751,海航科技,2.66,2.73,2.73,2.62,58264730.0
2022-05-17,600751,海航科技,2.71,2.68,2.72,2.65,41908682.0
2022-05-18,600751,海航科技,2.69,2.67,2.7,2.66,35643026.0
2022-05-19,600751,海航科技,2.63,2.66,2.66,2.6,42772248.0
2022-05-20,600751,海航科技,2.67,2.67,2.69,2.66,36839142.0
2022-05-23,600751,海航科技,2.67,2.72,2.72,2.67,50368693.0
2022-05-24,600751,海航科技,2.72,2.6,2.72,2.6,55581773.0
2022-05-25,600751,海航科技,2.61,2.64,2.66,2.59,32307866.0
2022-05-26,600751,海航科技,2.65,2.66,2.69,2.62,32181254.0
2022-05-27,600751,海航科技,2.67,2.65,2.69,2.63,29720774.0
2022-05-30,600751,海航科技,2.65,2.73,2.75,2.65,86935880.0
2022-05-31,600751,海航科技,2.75,2.74,2.75,2.71,57663556.0
2022-06-01,600751,海航科技,2.74,2.72,2.76,2.7,45494424.0
2022-06-02,600751,海航科技,2.72,2.73,2.74,2.68,41216732.0
2022-06-06,600751,海航科技,2.73,2.74,2.74,2.7,50697371.0
2022-06-07,600751,海航科技,2.73,2.73,2.78,2.71,49713263.0
2022-06-08,600751,海航科技,2.72,2.7,2.74,2.66,52320337.0
2022-06-09,600751,海航科技,2.71,2.65,2.73,2.64,55151600.0
2022-06-10,600751,海航科技,2.63,2.67,2.68,2.63,40865376.0
2022-06-13,600751,海航科技,2.65,2.64,2.66,2.62,40732963.0
2022-06-14,600751,海航科技,2.63,2.67,2.68,2.56,63423118.0
2022-06-15,600751,海航科技,2.66,2.68,2.71,2.65,56794495.0
2022-06-16,600751,海航科技,2.67,2.67,2.7,2.66,40695246.0
2022-06-17,600751,海航科技,2.66,2.68,2.71,2.64,53788637.0
2022-06-20,600751,海航科技,2.68,2.69,2.69,2.66,31889392.0
2022-06-21,600751,海航科技,2.69,2.7,2.71,2.67,45011623.0
2022-06-22,600751,海航科技,2.69,2.64,2.7,2.64,42746614.0
2022-06-23,600751,海航科技,2.64,2.66,2.67,2.63,33710271.0
2022-06-24,600751,海航科技,2.66,2.69,2.69,2.65,41025848.0
2022-06-27,600751,海航科技,2.7,2.69,2.71,2.68,35599923.0
2022-06-28,600751,海航科技,2.69,2.76,2.77,2.68,87408797.0
2022-06-29,600751,海航科技,2.75,2.7,2.77,2.7,51765295.0
2022-06-30,600751,海航科技,2.71,2.71,2.74,2.69,48440267.0
2022-07-01,600751,海航科技,2.77,2.78,2.96,2.76,149376520.0
2022-07-04,600751,海航科技,2.79,2.82,2.84,2.75,86015618.0
2022-07-05,600751,海航科技,2.8,2.77,2.82,2.74,67872094.0
2022-07-06,600751,海航科技,2.77,2.71,2.77,2.69,61645891.0
2022-07-07,600751,海航科技,2.71,2.72,2.75,2.68,34510544.0
2022-07-08,600751,海航科技,2.73,2.69,2.73,2.69,47158917.0
2022-07-11,600751,海航科技,2.69,2.71,2.74,2.66,45356170.0
2022-07-12,600751,海航科技,2.72,2.66,2.72,2.66,42138314.0
2022-07-13,600751,海航科技,2.65,2.69,2.69,2.65,34338703.0
2022-07-14,600751,海航科技,2.68,2.65,2.69,2.64,47214586.0
2022-07-15,600751,海航科技,2.64,2.57,2.64,2.56,55538617.0
2022-07-18,600751,海航科技,2.56,2.62,2.63,2.56,38786621.0
2022-07-19,600751,海航科技,2.64,2.64,2.65,2.61,33080508.0
2022-07-20,600751,海航科技,2.65,2.66,2.66,2.63,34777921.0
2022-07-21,600751,海航科技,2.65,2.63,2.66,2.62,32559866.0
2022-07-22,600751,海航科技,2.63,2.63,2.65,2.61,28768027.0
2022-07-25,600751,海航科技,2.63,2.62,2.66,2.61,31538294.0
2022-07-26,600751,海航科技,2.62,2.64,2.64,2.59,27355131.0
2022-07-27,600751,海航科技,2.63,2.62,2.64,2.6,26944056.0
2022-07-28,600751,海航科技,2.62,2.63,2.64,2.62,30937768.0
2022-07-29,600751,海航科技,2.63,2.6,2.64,2.59,38095674.0
2022-08-01,600751,海航科技,2.6,2.59,2.6,2.57,30460332.0
2022-08-02,600751,海航科技,2.57,2.5,2.58,2.46,63674435.0
2022-08-03,600751,海航科技,2.5,2.49,2.55,2.47,47338665.0
2022-08-04,600751,海航科技,2.5,2.5,2.51,2.46,35061666.0
2022-08-05,600751,海航科技,2.5,2.55,2.56,2.49,35175363.0
2022-08-08,600751,海航科技,2.55,2.57,2.57,2.54,27692941.0
2022-08-09,600751,海航科技,2.57,2.54,2.58,2.53,23926088.0
2022-08-10,600751,海航科技,2.55,2.52,2.55,2.51,20850899.0
2022-08-11,600751,海航科技,2.52,2.59,2.61,2.51,48558749.0
2022-08-12,600751,海航科技,2.59,2.61,2.63,2.58,45910155.0
2022-08-15,600751,海航科技,2.61,2.62,2.63,2.59,37512949.0
2022-08-16,600751,海航科技,2.63,2.63,2.64,2.61,33335683.0
2022-08-17,600751,海航科技,2.63,2.62,2.63,2.59,29564621.0
2022-08-18,600751,海航科技,2.61,2.59,2.61,2.58,29972398.0
2022-08-19,600751,海航科技,2.6,2.58,2.62,2.58,29194744.0
2022-08-22,600751,海航科技,2.57,2.6,2.61,2.55,25987160.0
2022-08-23,600751,海航科技,2.59,2.62,2.63,2.58,36241072.0
2022-08-24,600751,海航科技,2.63,2.56,2.64,2.56,43136806.0
2022-08-25,600751,海航科技,2.57,2.62,2.68,2.52,75630924.0
2022-08-26,600751,海航科技,2.61,2.58,2.62,2.57,46159417.0
2022-08-29,600751,海航科技,2.55,2.64,2.65,2.52,60481424.0
2022-08-30,600751,海航科技,2.64,2.65,2.67,2.62,47667023.0
2022-08-31,600751,海航科技,2.65,2.59,2.65,2.59,42621739.0
2022-09-01,600751,海航科技,2.58,2.57,2.61,2.56,35345376.0
2022-09-02,600751,海航科技,2.56,2.6,2.61,2.56,27438841.0
2022-09-05,600751,海航科技,2.6,2.63,2.64,2.59,35299765.0
2022-09-06,600751,海航科技,2.64,2.64,2.66,2.62,42394245.0
2022-09-07,600751,海航科技,2.64,2.64,2.65,2.61,36765933.0
2022-09-08,600751,海航科技,2.62,2.6,2.64,2.6,29580167.0
2022-09-09,600751,海航科技,2.62,2.61,2.63,2.59,27192002.0
2022-09-13,600751,海航科技,2.6,2.59,2.62,2.59,33322076.0
2022-09-14,600751,海航科技,2.55,2.58,2.62,2.54,36188101.0
2022-09-15,600751,海航科技,2.59,2.55,2.61,2.54,49529099.0
2022-09-16,600751,海航科技,2.56,2.47,2.57,2.46,50731222.0
2022-09-19,600751,海航科技,2.46,2.44,2.47,2.4,40082902.0
2022-09-20,600751,海航科技,2.43,2.45,2.47,2.43,27672481.0
2022-09-21,600751,海航科技,2.45,2.51,2.54,2.4,44236410.0
2022-09-22,600751,海航科技,2.5,2.47,2.51,2.46,25213113.0
2022-09-23,600751,海航科技,2.48,2.47,2.53,2.44,38610327.0
2022-09-26,600751,海航科技,2.45,2.35,2.45,2.34,46509305.0
2022-09-27,600751,海航科技,2.36,2.39,2.39,2.32,31279640.0
2022-09-28,600751,海航科技,2.39,2.35,2.41,2.35,26666394.0
2022-09-29,600751,海航科技,2.37,2.27,2.41,2.26,36745102.0
2022-09-30,600751,海航科技,2.27,2.28,2.31,2.26,32930101.0
2022-10-10,600751,海航科技,2.28,2.27,2.33,2.25,34666074.0
2022-10-11,600751,海航科技,2.26,2.29,2.29,2.23,25334090.0
2022-10-12,600751,海航科技,2.29,2.36,2.37,2.25,33375976.0
2022-10-13,600751,海航科技,2.35,2.38,2.39,2.34,26392763.0
2022-10-14,600751,海航科技,2.39,2.39,2.44,2.37,38850995.0
2022-10-17,600751,海航科技,2.38,2.41,2.44,2.37,26125694.0
2022-10-18,600751,海航科技,2.41,2.4,2.44,2.4,33811986.0
2022-10-19,600751,海航科技,2.4,2.39,2.42,2.37,28698872.0
2022-10-20,600751,海航科技,2.38,2.37,2.39,2.35,24234612.0
2022-10-21,600751,海航科技,2.37,2.38,2.39,2.35,20149602.0
2022-10-24,600751,海航科技,2.38,2.32,2.42,2.3,34547822.0
2022-10-25,600751,海航科技,2.32,2.34,2.34,2.29,22597533.0
2022-10-26,600751,海航科技,2.34,2.37,2.4,2.33,26790776.0
2022-10-27,600751,海航科技,2.37,2.41,2.42,2.37,32221100.0
2022-10-28,600751,海航科技,2.41,2.31,2.41,2.31,30918298.0
2022-10-31,600751,海航科技,2.32,2.34,2.38,2.31,30820093.0
2022-11-01,600751,海航科技,2.34,2.38,2.39,2.32,30317999.0
2022-11-02,600751,海航科技,2.38,2.4,2.42,2.36,34439473.0
2022-11-03,600751,海航科技,2.4,2.38,2.41,2.36,24053282.0
2022-11-04,600751,海航科技,2.38,2.41,2.42,2.37,39074663.0
2022-11-07,600751,海航科技,2.41,2.43,2.45,2.4,31077130.0
2022-11-08,600751,海航科技,2.44,2.45,2.45,2.41,25871047.0
2022-11-09,600751,海航科技,2.44,2.43,2.46,2.43,25346338.0
2022-11-10,600751,海航科技,2.42,2.46,2.47,2.4,34393992.0
2022-11-11,600751,海航科技,2.47,2.47,2.52,2.46,39117417.0
2022-11-14,600751,海航科技,2.47,2.49,2.5,2.46,30877664.0
2022-11-15,600751,海航科技,2.48,2.5,2.5,2.47,34834844.0
2022-11-16,600751,海航科技,2.49,2.48,2.51,2.48,28197810.0
2022-11-17,600751,海航科技,2.48,2.5,2.51,2.48,34803255.0
2022-11-18,600751,海航科技,2.51,2.48,2.52,2.46,34981200.0
2022-11-21,600751,海航科技,2.47,2.45,2.48,2.42,40485405.0
2022-11-22,600751,海航科技,2.47,2.45,2.49,2.44,33153194.0
2022-11-23,600751,海航科技,2.45,2.44,2.46,2.42,29102453.0
2022-11-24,600751,海航科技,2.44,2.44,2.47,2.42,26253882.0
2022-11-25,600751,海航科技,2.45,2.48,2.48,2.43,41297017.0
2022-11-28,600751,海航科技,2.48,2.45,2.49,2.42,37804775.0
2022-11-29,600751,海航科技,2.44,2.51,2.51,2.44,51723592.0
2022-11-30,600751,海航科技,2.5,2.48,2.51,2.47,29047799.0
2022-12-01,600751,海航科技,2.5,2.49,2.52,2.47,33030831.0
2022-12-02,600751,海航科技,2.49,2.48,2.5,2.47,28564996.0
2022-12-05,600751,海航科技,2.49,2.57,2.58,2.49,94052044.0
2022-12-06,600751,海航科技,2.55,2.52,2.57,2.51,50544399.0
2022-12-07,600751,海航科技,2.53,2.55,2.58,2.5,65294484.0
2022-12-08,600751,海航科技,2.56,2.52,2.56,2.51,48112973.0
2022-12-09,600751,海航科技,2.53,2.52,2.57,2.51,47601345.0
2022-12-12,600751,海航科技,2.51,2.47,2.51,2.44,47718296.0
2022-12-13,600751,海航科技,2.46,2.46,2.49,2.44,33878615.0
2022-12-14,600751,海航科技,2.46,2.42,2.47,2.42,33166503.0
2022-12-15,600751,海航科技,2.43,2.42,2.44,2.41,29886782.0
2022-12-16,600751,海航科技,2.42,2.42,2.43,2.4,25235558.0
2022-12-19,600751,海航科技,2.42,2.35,2.43,2.34,34856811.0
2022-12-20,600751,海航科技,2.34,2.34,2.36,2.32,27769859.0
2022-12-21,600751,海航科技,2.34,2.33,2.35,2.31,21273681.0
2022-12-22,600751,海航科技,2.33,2.3,2.34,2.29,26616994.0
2022-12-23,600751,海航科技,2.29,2.31,2.32,2.28,20851989.0
2022-12-26,600751,海航科技,2.29,2.32,2.33,2.29,30974378.0
2022-12-27,600751,海航科技,2.33,2.33,2.35,2.32,26276159.0
2022-12-28,600751,海航科技,2.34,2.32,2.34,2.31,19390127.0
2022-12-29,600751,海航科技,2.32,2.28,2.32,2.26,25161326.0
2022-12-30,600751,海航科技,2.29,2.33,2.33,2.28,27055909.0
2023-01-03,600751,海航科技,2.33,2.35,2.36,2.32,23288735.0
2023-01-04,600751,海航科技,2.35,2.36,2.37,2.34,23520611.0
2023-01-05,600751,海航科技,2.35,2.34,2.37,2.34,19739698.0
2023-01-06,600751,海航科技,2.33,2.32,2.35,2.31,23904999.0
2023-01-09,600751,海航科技,2.32,2.31,2.34,2.3,19160918.0
2023-01-10,600751,海航科技,2.32,2.29,2.32,2.28,20059435.0
2023-01-11,600751,海航科技,2.28,2.29,2.31,2.28,20571656.0
2023-01-12,600751,海航科技,2.29,2.3,2.3,2.27,22636933.0
2023-01-13,600751,海航科技,2.3,2.32,2.32,2.29,22643658.0
2023-01-16,600751,海航科技,2.32,2.33,2.34,2.3,28246632.0
2023-01-17,600751,海航科技,2.33,2.32,2.33,2.31,19767672.0
2023-01-18,600751,海航科技,2.32,2.33,2.34,2.31,22627469.0
2023-01-19,600751,海航科技,2.33,2.37,2.39,2.32,35841625.0
2023-01-20,600751,海航科技,2.38,2.43,2.43,2.38,43956563.0
2023-01-30,600751,海航科技,2.44,2.45,2.48,2.43,47052984.0
2023-01-31,600751,海航科技,2.44,2.44,2.46,2.42,38903494.0
2023-02-01,600751,海航科技,2.44,2.47,2.48,2.44,38658194.0
2023-02-02,600751,海航科技,2.48,2.45,2.48,2.44,33155771.0
2023-02-03,600751,海航科技,2.46,2.47,2.47,2.42,43954458.0
2023-02-06,600751,海航科技,2.46,2.45,2.47,2.43,32147511.0
2023-02-07,600751,海航科技,2.46,2.48,2.48,2.45,41426875.0
2023-02-08,600751,海航科技,2.48,2.44,2.49,2.44,31690568.0
2023-02-09,600751,海航科技,2.45,2.5,2.5,2.44,51092393.0
2023-02-10,600751,海航科技,2.52,2.51,2.55,2.49,62244031.0
2023-02-13,600751,海航科技,2.52,2.49,2.52,2.48,32794368.0
2023-02-14,600751,海航科技,2.5,2.48,2.52,2.47,31889798.0
2023-02-15,600751,海航科技,2.49,2.49,2.5,2.47,38568169.0
2023-02-16,600751,海航科技,2.51,2.74,2.74,2.48,225649294.0
2023-02-17,600751,海航科技,2.84,2.91,3.01,2.81,776529282.0
2023-02-20,600751,海航科技,2.81,2.79,2.84,2.7,388121103.0
2023-02-21,600751,海航科技,2.77,2.82,2.88,2.75,262920473.0
2023-02-22,600751,海航科技,2.78,2.72,2.79,2.68,193378687.0
2023-02-23,600751,海航科技,2.74,2.69,2.74,2.67,122858978.0
2023-02-24,600751,海航科技,2.72,2.75,2.78,2.7,170866742.0
2023-02-27,600751,海航科技,2.71,2.66,2.72,2.65,117256712.0
2023-02-28,600751,海航科技,2.66,2.68,2.69,2.63,75931290.0
2023-03-01,600751,海航科技,2.68,2.69,2.71,2.66,81726550.0
2023-03-02,600751,海航科技,2.71,2.76,2.8,2.7,170238885.0
2023-03-03,600751,海航科技,2.74,2.72,2.75,2.7,83483167.0
2023-03-06,600751,海航科技,2.72,2.73,2.78,2.71,81090592.0
2023-03-07,600751,海航科技,2.75,2.67,2.76,2.66,83792871.0
2023-03-08,600751,海航科技,2.66,2.72,2.76,2.65,74035102.0
2023-03-09,600751,海航科技,2.74,2.73,2.75,2.7,63905785.0
2023-03-10,600751,海航科技,2.72,2.78,2.84,2.7,151479936.0
2023-03-13,600751,海航科技,2.77,2.74,2.77,2.7,93658993.0
2023-03-14,600751,海航科技,2.74,2.69,2.74,2.66,87861765.0
2023-03-15,600751,海航科技,2.71,2.71,2.76,2.69,67069979.0
2023-03-16,600751,海航科技,2.7,2.63,2.7,2.62,99812895.0
2023-03-17,600751,海航科技,2.64,2.71,2.74,2.64,106073045.0
2023-03-20,600751,海航科技,2.74,2.69,2.77,2.68,73748144.0
2023-03-21,600751,海航科技,2.71,2.7,2.72,2.67,52104927.0
2023-03-22,600751,海航科技,2.71,2.68,2.72,2.66,60701928.0
2023-03-23,600751,海航科技,2.68,2.7,2.7,2.65,53639597.0
2023-03-24,600751,海航科技,2.7,2.75,2.81,2.68,174589145.0
2023-03-27,600751,海航科技,2.75,2.85,2.9,2.73,258050365.0
2023-03-28,600751,海航科技,2.85,2.76,2.86,2.75,117945181.0
2023-03-29,600751,海航科技,2.75,2.78,2.81,2.72,94168115.0
2023-03-30,600751,海航科技,2.77,2.72,2.78,2.71,79146487.0
2023-03-31,600751,海航科技,2.73,2.73,2.75,2.69,65356768.0
2023-04-03,600751,海航科技,2.75,2.83,2.84,2.74,148586543.0
2023-04-04,600751,海航科技,2.84,2.82,2.87,2.78,102061700.0
2023-04-06,600751,海航科技,2.81,2.75,2.81,2.75,79591970.0
2023-04-07,600751,海航科技,2.75,2.76,2.78,2.74,61772440.0
2023-04-10,600751,海航科技,2.79,2.71,2.79,2.71,60680091.0
2023-04-11,600751,海航科技,2.71,2.72,2.74,2.68,47779023.0
2023-04-12,600751,海航科技,2.71,2.73,2.74,2.7,45516232.0
2023-04-13,600751,海航科技,2.72,2.67,2.73,2.66,71494678.0
2023-04-14,600751,海航科技,2.67,2.69,2.7,2.65,50539674.0
2023-04-17,600751,海航科技,2.7,2.68,2.7,2.65,42934326.0
2023-04-18,600751,海航科技,2.68,2.66,2.69,2.65,33130938.0
2023-04-19,600751,海航科技,2.66,2.59,2.66,2.59,76798320.0
2023-04-20,600751,海航科技,2.58,2.61,2.62,2.57,41609758.0
2023-04-21,600751,海航科技,2.6,2.52,2.61,2.52,62685346.0
2023-04-24,600751,海航科技,2.51,2.53,2.55,2.51,36007606.0
2023-04-25,600751,海航科技,2.53,2.58,2.63,2.52,72574214.0
2023-04-26,600751,海航科技,2.57,2.53,2.57,2.51,54234241.0
2023-04-27,600751,海航科技,2.52,2.48,2.53,2.43,55257051.0
2023-04-28,600751,海航科技,2.49,2.58,2.59,2.49,50975107.0
2023-05-04,600751,海航科技,2.54,2.59,2.6,2.53,45437336.0
2023-05-05,600751,海航科技,2.58,2.56,2.59,2.52,35650075.0
2023-05-08,600751,海航科技,2.53,2.61,2.62,2.53,64222861.0
2023-05-09,600751,海航科技,2.61,2.6,2.65,2.59,72995749.0
2023-05-10,600751,海航科技,2.58,2.6,2.63,2.58,40946166.0
2023-05-11,600751,海航科技,2.6,2.61,2.62,2.58,27954865.0
2023-05-12,600751,海航科技,2.61,2.62,2.67,2.6,51012507.0
2023-05-15,600751,海航科技,2.63,2.58,2.63,2.55,43529044.0
2023-05-16,600751,海航科技,2.59,2.55,2.59,2.54,34376197.0
2023-05-17,600751,海航科技,2.54,2.56,2.58,2.53,25151876.0
2023-05-18,600751,海航科技,2.56,2.56,2.59,2.55,28477602.0
2023-05-19,600751,海航科技,2.55,2.54,2.56,2.52,31895266.0
2023-05-22,600751,海航科技,2.54,2.53,2.56,2.52,27907331.0
2023-05-23,600751,海航科技,2.53,2.48,2.54,2.48,35075405.0
2023-05-24,600751,海航科技,2.49,2.45,2.49,2.44,44160388.0
2023-05-25,600751,海航科技,2.45,2.44,2.47,2.4,45458467.0
2023-05-26,600751,海航科技,2.44,2.43,2.45,2.41,25485637.0
2023-05-29,600751,海航科技,2.44,2.48,2.51,2.44,44835964.0
2023-05-30,600751,海航科技,2.48,2.48,2.49,2.42,32111153.0
2023-05-31,600751,海航科技,2.47,2.47,2.48,2.45,23876390.0
2023-06-01,600751,海航科技,2.46,2.48,2.49,2.44,35211942.0
2023-06-02,600751,海航科技,2.49,2.47,2.5,2.46,27212431.0
2023-06-05,600751,海航科技,2.48,2.58,2.62,2.46,88989720.0
2023-06-06,600751,海航科技,2.55,2.47,2.55,2.47,64947132.0
2023-06-07,600751,海航科技,2.46,2.48,2.49,2.43,32828721.0
2023-06-08,600751,海航科技,2.48,2.45,2.48,2.43,27002160.0
2023-06-09,600751,海航科技,2.45,2.43,2.46,2.42,25560179.0
2023-06-12,600751,海航科技,2.42,2.42,2.45,2.4,29039124.0
2023-06-13,600751,海航科技,2.42,2.42,2.45,2.42,19710025.0
2023-06-14,600751,海航科技,2.42,2.43,2.45,2.41,23444390.0
2023-06-15,600751,海航科技,2.44,2.42,2.44,2.4,36191250.0
2023-06-16,600751,海航科技,2.42,2.43,2.44,2.4,27292872.0
2023-06-19,600751,海航科技,2.43,2.46,2.48,2.42,42227574.0
2023-06-20,600751,海航科技,2.46,2.42,2.47,2.41,31945187.0
2023-06-21,600751,海航科技,2.42,2.37,2.43,2.37,29390601.0
2023-06-26,600751,海航科技,2.36,2.33,2.37,2.31,40369569.0
2023-06-27,600751,海航科技,2.31,2.35,2.36,2.29,28384153.0
2023-06-28,600751,海航科技,2.35,2.34,2.35,2.31,27651940.0
2023-06-29,600751,海航科技,2.33,2.35,2.38,2.32,32650984.0
2023-06-30,600751,海航科技,2.35,2.37,2.39,2.34,27789182.0
2023-07-03,600751,海航科技,2.38,2.44,2.45,2.37,51509213.0
2023-07-04,600751,海航科技,2.44,2.43,2.45,2.41,32097194.0
2023-07-05,600751,海航科技,2.42,2.43,2.44,2.41,23892933.0
2023-07-06,600751,海航科技,2.43,2.43,2.45,2.42,20250542.0
2023-07-07,600751,海航科技,2.43,2.44,2.45,2.41,27905734.0
2023-07-10,600751,海航科技,2.44,2.43,2.47,2.43,25895209.0
2023-07-11,600751,海航科技,2.44,2.45,2.46,2.43,24086526.0
2023-07-12,600751,海航科技,2.45,2.44,2.48,2.43,31969738.0
2023-07-13,600751,海航科技,2.44,2.46,2.48,2.44,23310773.0
2023-07-14,600751,海航科技,2.46,2.47,2.48,2.44,20898408.0
2023-07-17,600751,海航科技,2.5,2.53,2.59,2.5,68971060.0
2023-07-18,600751,海航科技,2.53,2.56,2.57,2.5,49642250.0
2023-07-19,600751,海航科技,2.55,2.65,2.66,2.54,102922389.0
2023-07-20,600751,海航科技,2.65,2.62,2.67,2.61,62309327.0
2023-07-21,600751,海航科技,2.61,2.64,2.66,2.6,54178205.0
2023-07-24,600751,海航科技,2.62,2.66,2.7,2.61,62727504.0
2023-07-25,600751,海航科技,2.67,2.69,2.69,2.65,69516677.0
2023-07-26,600751,海航科技,2.7,2.68,2.72,2.66,49513682.0
2023-07-27,600751,海航科技,2.69,2.71,2.74,2.68,71069448.0
2023-07-28,600751,海航科技,2.7,2.72,2.74,2.68,53744991.0
2023-07-31,600751,海航科技,2.73,2.72,2.73,2.7,60352708.0
2023-08-01,600751,海航科技,2.71,2.73,2.75,2.7,62071885.0
2023-08-02,600751,海航科技,2.73,2.75,2.76,2.72,55269594.0
2023-08-03,600751,海航科技,2.74,2.74,2.75,2.71,47598490.0
2023-08-04,600751,海航科技,2.75,2.73,2.78,2.73,53079622.0
2023-08-07,600751,海航科技,2.74,2.73,2.75,2.71,58659114.0
2023-08-08,600751,海航科技,2.75,2.72,2.77,2.71,37592842.0
2023-08-09,600751,海航科技,2.71,2.69,2.72,2.66,54327190.0
2023-08-10,600751,海航科技,2.69,2.69,2.72,2.68,33513156.0
2023-08-11,600751,海航科技,2.7,2.63,2.7,2.62,64797510.0
2023-08-14,600751,海航科技,2.62,2.68,2.69,2.61,60834644.0
2023-08-15,600751,海航科技,2.68,2.67,2.71,2.66,44859289.0
2023-08-16,600751,海航科技,2.67,2.66,2.69,2.65,35686772.0
2023-08-17,600751,海航科技,2.65,2.67,2.68,2.62,55681853.0
2023-08-18,600751,海航科技,2.68,2.63,2.71,2.62,52111566.0
2023-08-21,600751,海航科技,2.63,2.62,2.69,2.61,63303272.0
2023-08-22,600751,海航科技,2.64,2.62,2.66,2.58,57484255.0
2023-08-23,600751,海航科技,2.64,2.61,2.68,2.6,74216319.0
2023-08-24,600751,海航科技,2.62,2.61,2.67,2.6,57901229.0
2023-08-25,600751,海航科技,2.61,2.57,2.64,2.55,66091170.0
2023-08-28,600751,海航科技,2.67,2.6,2.72,2.59,94838260.0
2023-08-29,600751,海航科技,2.58,2.63,2.65,2.58,72008720.0
2023-08-30,600751,海航科技,2.64,2.62,2.67,2.6,51724582.0
2023-08-31,600751,海航科技,2.63,2.64,2.65,2.61,49196587.0
2023-09-01,600751,海航科技,2.64,2.64,2.65,2.61,51007274.0
2023-09-04,600751,海航科技,2.66,2.67,2.68,2.64,48178874.0
2023-09-05,600751,海航科技,2.67,2.65,2.68,2.63,42611887.0
2023-09-06,600751,海航科技,2.64,2.66,2.68,2.63,42144237.0
2023-09-07,600751,海航科技,2.67,2.61,2.67,2.61,43716029.0
2023-09-08,600751,海航科技,2.62,2.62,2.63,2.59,33364882.0
2023-09-11,600751,海航科技,2.61,2.63,2.64,2.59,45392517.0
2023-09-12,600751,海航科技,2.63,2.62,2.64,2.61,30347643.0
2023-09-13,600751,海航科技,2.61,2.59,2.62,2.56,44768238.0
2023-09-14,600751,海航科技,2.59,2.6,2.61,2.56,42293204.0
2023-09-15,600751,海航科技,2.6,2.71,2.71,2.59,144030327.0
2023-09-18,600751,海航科技,2.72,2.57,2.72,2.56,202372783.0
2023-09-19,600751,海航科技,2.57,2.5,2.57,2.5,96431913.0
2023-09-20,600751,海航科技,2.5,2.52,2.56,2.47,88405347.0
2023-09-21,600751,海航科技,2.52,2.77,2.77,2.52,276838416.0
2023-09-22,600751,海航科技,2.79,2.74,2.82,2.66,436898756.0
2023-09-25,600751,海航科技,2.7,2.72,2.77,2.68,237839617.0
2023-09-26,600751,海航科技,2.72,2.86,2.98,2.69,442649323.0
2023-09-27,600751,海航科技,2.8,3.0,3.14,2.75,553814812.0
2023-09-28,600751,海航科技,2.95,2.88,2.96,2.84,354950467.0
2023-10-09,600751,海航科技,2.87,2.8,2.91,2.77,241053266.0
2023-10-10,600751,海航科技,2.8,2.82,2.83,2.76,197397745.0
2023-10-11,600751,海航科技,2.8,2.74,2.81,2.71,198499230.0
2023-10-12,600751,海航科技,2.72,2.76,2.77,2.71,131063546.0
2023-10-13,600751,海航科技,2.74,2.89,2.99,2.72,369470622.0
2023-10-16,600751,海航科技,2.89,3.04,3.08,2.86,388879371.0
2023-10-17,600751,海航科技,2.99,2.92,2.99,2.9,218770877.0
2023-10-18,600751,海航科技,2.91,3.06,3.08,2.89,383189566.0
2023-10-19,600751,海航科技,3.01,3.01,3.36,2.96,509325931.0
2023-10-20,600751,海航科技,2.95,3.18,3.25,2.95,506468642.0
2023-10-23,600751,海航科技,3.16,3.13,3.17,3.0,365266466.0
2023-10-24,600751,海航科技,3.09,3.07,3.11,3.01,223478438.0
2023-10-25,600751,海航科技,3.07,3.1,3.23,3.02,277987186.0
2023-10-26,600751,海航科技,3.04,3.01,3.06,2.94,220500805.0
2023-10-27,600751,海航科技,2.98,3.04,3.09,2.95,220817402.0
2023-10-30,600751,海航科技,3.01,3.14,3.21,3.01,250965832.0
2023-10-31,600751,海航科技,3.09,3.03,3.16,3.03,200585759.0
2023-11-01,600751,海航科技,3.0,2.89,3.01,2.87,238513187.0
2023-11-02,600751,海航科技,2.89,2.91,2.94,2.86,127450576.0
2023-11-03,600751,海航科技,2.9,2.85,2.94,2.84,157354112.0
2023-11-06,600751,海航科技,2.85,2.9,2.91,2.83,152241670.0
2023-11-07,600751,海航科技,2.89,2.93,2.99,2.87,179932681.0
2023-11-08,600751,海航科技,2.95,2.91,2.97,2.87,133260607.0
2023-11-09,600751,海航科技,2.9,2.85,2.91,2.83,132804108.0
2023-11-10,600751,海航科技,2.84,2.86,2.87,2.82,88975618.0
2023-11-13,600751,海航科技,2.88,2.95,2.98,2.86,179382881.0
2023-11-14,600751,海航科技,2.95,3.04,3.12,2.94,277991628.0
2023-11-15,600751,海航科技,3.04,3.01,3.06,2.98,157835404.0
2023-11-16,600751,海航科技,2.99,2.95,3.0,2.94,124866486.0
2023-11-17,600751,海航科技,2.95,3.03,3.04,2.94,163799689.0
2023-11-20,600751,海航科技,3.02,2.99,3.03,2.98,115767195.0
2023-11-21,600751,海航科技,3.0,2.96,3.02,2.96,109631052.0
2023-11-22,600751,海航科技,2.94,2.89,2.99,2.88,166396709.0
2023-11-23,600751,海航科技,2.91,2.92,2.94,2.84,98985149.0
2023-11-24,600751,海航科技,2.92,2.88,2.93,2.86,94780134.0
2023-11-27,600751,海航科技,2.89,2.84,2.89,2.83,74059441.0
2023-11-28,600751,海航科技,2.88,2.82,2.88,2.81,87354377.0
2023-11-29,600751,海航科技,2.81,2.78,2.84,2.77,90803661.0
2023-11-30,600751,海航科技,2.78,2.79,2.83,2.77,80270377.0
2023-12-01,600751,海航科技,2.79,2.83,2.86,2.76,85170699.0
2023-12-04,600751,海航科技,2.85,2.82,2.86,2.81,60713645.0
2023-12-05,600751,海航科技,2.81,2.78,2.85,2.78,74264581.0
2023-12-06,600751,海航科技,2.77,2.8,2.81,2.74,73067344.0
2023-12-07,600751,海航科技,2.79,2.73,2.8,2.73,78425805.0
2023-12-08,600751,海航科技,2.72,2.7,2.75,2.69,64990414.0
2023-12-11,600751,海航科技,2.68,2.75,2.75,2.68,67952434.0
2023-12-12,600751,海航科技,2.76,2.74,2.77,2.7,67749439.0
2023-12-13,600751,海航科技,2.73,2.74,2.79,2.72,72550361.0
2023-12-14,600751,海航科技,2.72,2.73,2.77,2.72,66924898.0
2023-12-15,600751,海航科技,2.74,2.69,2.75,2.68,72692981.0
2023-12-18,600751,海航科技,2.69,2.76,2.81,2.68,153949696.0
2023-12-19,600751,海航科技,2.75,2.65,2.76,2.64,122596105.0
2023-12-20,600751,海航科技,2.65,2.61,2.68,2.61,53381078.0
2023-12-21,600751,海航科技,2.6,2.62,2.65,2.58,59495089.0
2023-12-22,600751,海航科技,2.63,2.61,2.66,2.6,50242031.0
2023-12-25,600751,海航科技,2.57,2.58,2.59,2.55,47845914.0
2023-12-26,600751,海航科技,2.56,2.54,2.58,2.53,44725098.0
2023-12-27,600751,海航科技,2.54,2.58,2.61,2.52,54705987.0
2023-12-28,600751,海航科技,2.58,2.61,2.63,2.55,52374643.0
2023-12-29,600751,海航科技,2.6,2.62,2.65,2.6,45489353.0
2024-01-02,600751,海航科技,2.62,2.64,2.66,2.62,55086539.0
2024-01-03,600751,海航科技,2.64,2.64,2.66,2.62,46236318.0
2024-01-04,600751,海航科技,2.63,2.63,2.64,2.61,44332032.0
2024-01-05,600751,海航科技,2.63,2.57,2.64,2.56,53506450.0
2024-01-08,600751,海航科技,2.56,2.52,2.57,2.51,44450109.0
2024-01-09,600751,海航科技,2.51,2.52,2.55,2.49,38206664.0
2024-01-10,600751,海航科技,2.5,2.48,2.52,2.46,45543848.0
2024-01-11,600751,海航科技,2.47,2.54,2.55,2.47,42902551.0
2024-01-12,600751,海航科技,2.53,2.53,2.57,2.53,42352622.0
2024-01-15,600751,海航科技,2.53,2.54,2.56,2.51,39511046.0
2024-01-16,600751,海航科技,2.54,2.52,2.55,2.48,46677032.0
2024-01-17,600751,海航科技,2.53,2.45,2.53,2.45,38691400.0
2024-01-18,600751,海航科技,2.44,2.45,2.47,2.36,69940109.0
2024-01-19,600751,海航科技,2.45,2.43,2.48,2.4,35058884.0
2024-01-22,600751,海航科技,2.42,2.29,2.43,2.26,59285027.0
2024-01-23,600751,海航科技,2.28,2.34,2.35,2.26,49132307.0
2024-01-24,600751,海航科技,2.36,2.41,2.42,2.31,67574977.0
2024-01-25,600751,海航科技,2.42,2.47,2.48,2.4,62883975.0
2024-01-26,600751,海航科技,2.48,2.51,2.53,2.47,58427640.0
2024-01-29,600751,海航科技,2.49,2.45,2.52,2.43,53020246.0
2024-01-30,600751,海航科技,2.44,2.35,2.45,2.34,51446109.0
2024-01-31,600751,海航科技,2.36,2.28,2.4,2.28,67689570.0
2024-02-01,600751,海航科技,2.28,2.25,2.32,2.23,67024475.0
2024-02-02,600751,海航科技,2.26,2.18,2.3,2.14,80686693.0
2024-02-05,600751,海航科技,2.18,2.04,2.18,1.99,80267999.0
2024-02-06,600751,海航科技,2.02,2.19,2.23,1.99,80039979.0
2024-02-07,600751,海航科技,2.2,2.28,2.34,2.17,87303304.0
2024-02-08,600751,海航科技,2.3,2.39,2.43,2.29,101986709.0
2024-02-19,600751,海航科技,2.41,2.37,2.42,2.35,70497539.0
2024-02-20,600751,海航科技,2.38,2.36,2.38,2.32,52799751.0
2024-02-21,600751,海航科技,2.34,2.38,2.44,2.33,76711500.0
2024-02-22,600751,海航科技,2.36,2.39,2.41,2.36,53322873.0
2024-02-23,600751,海航科技,2.4,2.44,2.45,2.38,61235651.0
2024-02-26,600751,海航科技,2.44,2.43,2.48,2.41,56761706.0
2024-02-27,600751,海航科技,2.42,2.48,2.48,2.42,54159558.0
2024-02-28,600751,海航科技,2.48,2.39,2.53,2.37,106396075.0
2024-02-29,600751,海航科技,2.38,2.46,2.46,2.37,61504194.0
2024-03-01,600751,海航科技,2.45,2.44,2.48,2.42,60176528.0
2024-03-04,600751,海航科技,2.44,2.4,2.46,2.38,47916229.0
2024-03-05,600751,海航科技,2.41,2.38,2.41,2.36,55136220.0
2024-03-06,600751,海航科技,2.37,2.4,2.42,2.36,41265017.0
2024-03-07,600751,海航科技,2.4,2.38,2.43,2.37,44965702.0
2024-03-08,600751,海航科技,2.39,2.38,2.4,2.35,36098821.0
2024-03-11,600751,海航科技,2.38,2.42,2.42,2.37,42323988.0
2024-03-12,600751,海航科技,2.42,2.46,2.47,2.39,68571166.0
2024-03-13,600751,海航科技,2.45,2.43,2.47,2.4,59004315.0
2024-03-14,600751,海航科技,2.42,2.4,2.44,2.38,54299984.0
2024-03-15,600751,海航科技,2.39,2.44,2.44,2.37,54586474.0
2024-03-18,600751,海航科技,2.44,2.45,2.45,2.42,50283076.0
2024-03-19,600751,海航科技,2.45,2.42,2.46,2.41,48518089.0
2024-03-20,600751,海航科技,2.42,2.44,2.45,2.41,49493842.0
2024-03-21,600751,海航科技,2.45,2.42,2.46,2.4,48437749.0
2024-03-22,600751,海航科技,2.41,2.38,2.42,2.37,59584422.0
2024-03-25,600751,海航科技,2.36,2.32,2.38,2.32,55185626.0
2024-03-26,600751,海航科技,2.33,2.31,2.33,2.28,38685387.0
2024-03-27,600751,海航科技,2.31,2.25,2.31,2.25,47312193.0
2024-03-28,600751,海航科技,2.24,2.31,2.32,2.24,45537497.0
2024-03-29,600751,海航科技,2.31,2.34,2.34,2.29,35620586.0
2024-04-01,600751,海航科技,2.34,2.37,2.37,2.33,41143130.0
2024-04-02,600751,海航科技,2.38,2.37,2.39,2.35,55020137.0
2024-04-03,600751,海航科技,2.38,2.36,2.41,2.34,52022797.0
2024-04-08,600751,海航科技,2.36,2.3,2.36,2.3,49451290.0
2024-04-09,600751,海航科技,2.29,2.32,2.32,2.28,34332144.0
2024-04-10,600751,海航科技,2.3,2.27,2.31,2.25,39337306.0
2024-04-11,600751,海航科技,2.25,2.27,2.3,2.24,34222603.0
2024-04-12,600751,海航科技,2.26,2.26,2.3,2.25,40276757.0
2024-04-15,600751,海航科技,2.25,2.2,2.27,2.14,60670961.0
2024-04-16,600751,海航科技,2.2,2.09,2.2,2.09,53745072.0
2024-04-17,600751,海航科技,2.11,2.21,2.21,2.1,55600366.0
2024-04-18,600751,海航科技,2.21,2.18,2.21,2.17,39478998.0
2024-04-19,600751,海航科技,2.18,2.24,2.26,2.17,53221213.0
2024-04-22,600751,海航科技,2.21,2.22,2.26,2.19,37283007.0
2024-04-23,600751,海航科技,2.22,2.18,2.23,2.16,37163869.0
2024-04-24,600751,海航科技,2.18,2.19,2.2,2.16,32399853.0
2024-04-25,600751,海航科技,2.2,2.19,2.21,2.16,46129970.0
2024-04-26,600751,海航科技,2.17,2.21,2.22,2.16,44800644.0
2024-04-29,600751,海航科技,2.22,2.33,2.34,2.2,91864707.0
2024-04-30,600751,海航科技,2.34,2.3,2.35,2.3,65111459.0
2024-05-06,600751,海航科技,2.34,2.34,2.39,2.33,60589863.0
2024-05-07,600751,海航科技,2.34,2.34,2.35,2.31,55560255.0
2024-05-08,600751,海航科技,2.33,2.31,2.34,2.3,47964937.0
2024-05-09,600751,海航科技,2.3,2.45,2.54,2.3,209361893.0
2024-05-10,600751,海航科技,2.46,2.43,2.47,2.4,106611431.0
2024-05-13,600751,海航科技,2.41,2.42,2.43,2.35,121186836.0
2024-05-14,600751,海航科技,2.4,2.42,2.45,2.4,83122254.0
2024-05-15,600751,海航科技,2.41,2.39,2.41,2.37,77420877.0
2024-05-16,600751,海航科技,2.41,2.39,2.41,2.37,55750880.0
2024-05-17,600751,海航科技,2.39,2.4,2.41,2.36,52864939.0
2024-05-20,600751,海航科技,2.41,2.44,2.45,2.39,76286803.0
2024-05-21,600751,海航科技,2.42,2.43,2.44,2.41,53312879.0
2024-05-22,600751,海航科技,2.43,2.42,2.44,2.4,40065576.0
2024-05-23,600751,海航科技,2.41,2.34,2.42,2.33,73071327.0
2024-05-24,600751,海航科技,2.35,2.31,2.36,2.3,35787127.0
2024-05-27,600751,海航科技,2.31,2.41,2.43,2.31,124001098.0
2024-05-28,600751,海航科技,2.39,2.37,2.4,2.35,65555480.0
2024-05-29,600751,海航科技,2.35,2.33,2.37,2.31,61843604.0
2024-05-30,600751,海航科技,2.33,2.33,2.35,2.31,28683097.0
2024-05-31,600751,海航科技,2.33,2.34,2.35,2.31,34300675.0
2024-06-03,600751,海航科技,2.33,2.28,2.34,2.27,61004530.0
2024-06-04,600751,海航科技,2.25,2.28,2.29,2.22,40675798.0
2024-06-05,600751,海航科技,2.29,2.25,2.29,2.24,32485212.0
2024-06-06,600751,海航科技,2.25,2.19,2.28,2.17,65350682.0
2024-06-07,600751,海航科技,2.2,2.24,2.24,2.19,54150591.0
2024-06-11,600751,海航科技,2.23,2.21,2.24,2.19,37414259.0
2024-06-12,600751,海航科技,2.22,2.27,2.3,2.2,63929355.0
2024-06-13,600751,海航科技,2.27,2.25,2.28,2.24,42358951.0
2024-06-14,600751,海航科技,2.25,2.29,2.3,2.24,42217713.0
2024-06-17,600751,海航科技,2.27,2.3,2.31,2.26,34464743.0
2024-06-18,600751,海航科技,2.3,2.32,2.33,2.29,29896209.0
2024-06-19,600751,海航科技,2.32,2.29,2.33,2.29,33890264.0
2024-06-20,600751,海航科技,2.3,2.26,2.31,2.24,31222232.0
2024-06-21,600751,海航科技,2.24,2.25,2.27,2.23,24310654.0
2024-06-24,600751,海航科技,2.23,2.19,2.24,2.18,38674816.0
2024-06-25,600751,海航科技,2.19,2.19,2.22,2.17,29673732.0
2024-06-26,600751,海航科技,2.18,2.23,2.23,2.14,34050012.0
2024-06-27,600751,海航科技,2.22,2.19,2.24,2.19,26236177.0
2024-06-28,600751,海航科技,2.2,2.22,2.25,2.19,33012065.0
2024-07-01,600751,海航科技,2.22,2.26,2.27,2.2,30100211.0
2024-07-02,600751,海航科技,2.26,2.33,2.35,2.25,68286308.0
2024-07-03,600751,海航科技,2.33,2.31,2.35,2.3,29696832.0
2024-07-04,600751,海航科技,2.31,2.28,2.33,2.26,29643358.0
2024-07-05,600751,海航科技,2.27,2.29,2.3,2.24,22754554.0
2024-07-08,600751,海航科技,2.28,2.23,2.29,2.22,30623168.0
2024-07-09,600751,海航科技,2.2,2.2,2.23,2.13,54568627.0
2024-07-10,600751,海航科技,2.2,2.16,2.2,2.14,40499117.0
2024-07-11,600751,海航科技,2.2,2.21,2.23,2.18,39810437.0
2024-07-12,600751,海航科技,2.21,2.18,2.22,2.17,21973201.0
2024-07-15,600751,海航科技,2.18,2.16,2.18,2.15,23897858.0
2024-07-16,600751,海航科技,2.16,2.15,2.17,2.14,21713569.0
2024-07-17,600751,海航科技,2.14,2.14,2.17,2.13,25927702.0
2024-07-18,600751,海航科技,2.14,2.15,2.15,2.11,30300172.0
2024-07-19,600751,海航科技,2.14,2.15,2.16,2.12,20901885.0
2024-07-22,600751,海航科技,2.15,2.15,2.18,2.13,22319137.0
2024-07-23,600751,海航科技,2.15,2.13,2.19,2.13,30725083.0
2024-07-24,600751,海航科技,2.13,2.08,2.14,2.08,28501872.0
2024-07-25,600751,海航科技,2.07,2.08,2.1,2.06,22246229.0
2024-07-26,600751,海航科技,2.09,2.14,2.16,2.09,28609330.0
2024-07-29,600751,海航科技,2.13,2.13,2.14,2.11,22948143.0
2024-07-30,600751,海航科技,2.14,2.16,2.16,2.12,30443539.0
2024-07-31,600751,海航科技,2.16,2.2,2.2,2.15,71125747.0
2024-08-01,600751,海航科技,2.19,2.17,2.2,2.16,43819517.0
2024-08-02,600751,海航科技,2.15,2.15,2.18,2.14,33300773.0
2024-08-05,600751,海航科技,2.14,2.14,2.18,2.11,49233183.0
2024-08-06,600751,海航科技,2.14,2.12,2.15,2.1,31222196.0
2024-08-07,600751,海航科技,2.12,2.11,2.13,2.1,26576383.0
2024-08-08,600751,海航科技,2.11,2.11,2.13,2.08,32698361.0
2024-08-09,600751,海航科技,2.12,2.11,2.14,2.11,30081554.0
2024-08-12,600751,海航科技,2.12,2.1,2.13,2.09,26546659.0
2024-08-13,600751,海航科技,2.1,2.11,2.12,2.08,23167398.0
2024-08-14,600751,海航科技,2.11,2.11,2.12,2.09,17037461.0
2024-08-15,600751,海航科技,2.1,2.13,2.14,2.09,37619902.0
2024-08-16,600751,海航科技,2.13,2.13,2.15,2.13,25802440.0
2024-08-19,600751,海航科技,2.13,2.14,2.15,2.12,28219034.0
2024-08-20,600751,海航科技,2.15,2.11,2.15,2.1,25576517.0
2024-08-21,600751,海航科技,2.11,2.11,2.13,2.1,13289965.0
2024-08-22,600751,海航科技,2.11,2.1,2.12,2.08,23507473.0
2024-08-23,600751,海航科技,2.09,2.08,2.11,2.06,25983979.0
2024-08-26,600751,海航科技,2.08,2.09,2.1,2.06,18451426.0
2024-08-27,600751,海航科技,2.09,2.08,2.1,2.06,19964649.0
2024-08-28,600751,海航科技,2.07,2.09,2.11,2.06,27101409.0
2024-08-29,600751,海航科技,2.09,2.13,2.14,2.08,27296758.0
2024-08-30,600751,海航科技,2.12,2.15,2.16,2.12,29757796.0
2024-09-02,600751,海航科技,2.14,2.12,2.16,2.11,22377275.0
2024-09-03,600751,海航科技,2.12,2.12,2.15,2.11,23072075.0
2024-09-04,600751,海航科技,2.12,2.12,2.13,2.11,15216867.0
2024-09-05,600751,海航科技,2.12,2.16,2.16,2.12,32686372.0
2024-09-06,600751,海航科技,2.16,2.14,2.17,2.13,21391358.0
2024-09-09,600751,海航科技,2.13,2.15,2.17,2.13,22259691.0
2024-09-10,600751,海航科技,2.15,2.15,2.16,2.11,28440101.0
2024-09-11,600751,海航科技,2.16,2.15,2.16,2.13,15371844.0
2024-09-12,600751,海航科技,2.15,2.16,2.18,2.14,24501902.0
2024-09-13,600751,海航科技,2.17,2.17,2.19,2.15,28887228.0
2024-09-18,600751,海航科技,2.17,2.17,2.18,2.13,26133754.0
2024-09-19,600751,海航科技,2.17,2.19,2.21,2.16,44912961.0
2024-09-20,600751,海航科技,2.19,2.2,2.21,2.18,26708105.0
2024-09-23,600751,海航科技,2.2,2.2,2.21,2.19,19517345.0
2024-09-24,600751,海航科技,2.21,2.27,2.27,2.2,53754369.0
2024-09-25,600751,海航科技,2.28,2.26,2.33,2.25,60292370.0
2024-09-26,600751,海航科技,2.26,2.35,2.35,2.25,64065168.0
2024-09-27,600751,海航科技,2.37,2.4,2.41,2.34,63046733.0
2024-09-30,600751,海航科技,2.48,2.59,2.63,2.44,177679497.0
2024-10-08,600751,海航科技,2.85,2.73,2.85,2.61,210588660.0
2024-10-09,600751,海航科技,2.7,2.5,2.7,2.49,137918272.0
2024-10-10,600751,海航科技,2.5,2.5,2.58,2.46,114674657.0
2024-10-11,600751,海航科技,2.5,2.44,2.51,2.41,66208219.0
2024-10-14,600751,海航科技,2.45,2.46,2.48,2.41,56657131.0
2024-10-15,600751,海航科技,2.46,2.43,2.48,2.42,67571503.0
2024-10-16,600751,海航科技,2.42,2.44,2.47,2.41,57765784.0
2024-10-17,600751,海航科技,2.46,2.39,2.47,2.39,66294181.0
2024-10-18,600751,海航科技,2.39,2.44,2.46,2.35,115162426.0
2024-10-21,600751,海航科技,2.43,2.41,2.45,2.4,88912881.0
2024-10-22,600751,海航科技,2.41,2.43,2.44,2.4,59233550.0
2024-10-23,600751,海航科技,2.43,2.5,2.52,2.42,112050976.0
2024-10-24,600751,海航科技,2.5,2.56,2.58,2.46,115316012.0
2024-10-25,600751,海航科技,2.56,2.63,2.65,2.56,121219545.0
2024-10-28,600751,海航科技,2.63,2.76,2.77,2.61,151457656.0
2024-10-29,600751,海航科技,2.77,2.68,2.8,2.67,153461750.0
2024-10-30,600751,海航科技,2.67,2.72,2.76,2.67,97787158.0
2024-10-31,600751,海航科技,2.71,2.81,2.84,2.71,172909637.0
2024-11-01,600751,海航科技,2.83,2.73,2.9,2.72,178099522.0
2024-11-04,600751,海航科技,2.72,2.89,3.0,2.69,374591079.0
2024-11-05,600751,海航科技,2.89,3.18,3.18,2.83,481451283.0
2024-11-06,600751,海航科技,3.2,3.13,3.48,3.11,853302197.0
2024-11-07,600751,海航科技,3.08,3.14,3.22,2.94,502870195.0
2024-11-08,600751,海航科技,3.14,3.08,3.22,3.07,368526350.0
2024-11-11,600751,海航科技,3.03,3.11,3.13,3.02,318538711.0
2024-11-12,600751,海航科技,3.11,2.97,3.11,2.94,268369692.0
2024-11-13,600751,海航科技,2.95,2.96,3.03,2.9,175790781.0
2024-11-14,600751,海航科技,2.95,2.86,2.96,2.85,158292617.0
2024-11-15,600751,海航科技,2.83,2.84,2.9,2.82,119376108.0
2024-11-18,600751,海航科技,2.87,2.81,2.9,2.79,122643950.0
2024-11-19,600751,海航科技,2.84,2.86,2.93,2.8,145730335.0
2024-11-20,600751,海航科技,2.85,2.87,2.88,2.82,130365102.0
2024-11-21,600751,海航科技,2.87,2.82,2.87,2.8,103482808.0
2024-11-22,600751,海航科技,2.82,2.72,2.85,2.72,116157162.0
2024-11-25,600751,海航科技,2.72,2.74,2.75,2.67,84991827.0
2024-11-26,600751,海航科技,2.73,2.71,2.75,2.7,56110758.0
2024-11-27,600751,海航科技,2.7,2.74,2.74,2.64,91338190.0
2024-11-28,600751,海航科技,2.73,2.78,2.84,2.73,112252873.0
2024-11-29,600751,海航科技,2.79,2.78,2.81,2.74,94518047.0
2024-12-02,600751,海航科技,2.79,3.0,3.04,2.79,313324480.0
2024-12-03,600751,海航科技,3.04,2.98,3.05,2.91,207204189.0
2024-12-04,600751,海航科技,2.97,2.91,2.98,2.89,128326842.0
2024-12-05,600751,海航科技,2.9,3.03,3.04,2.88,217513244.0
2024-12-06,600751,海航科技,3.05,3.09,3.11,3.01,229224259.0
2024-12-09,600751,海航科技,3.08,3.04,3.13,2.99,192392965.0
2024-12-10,600751,海航科技,3.11,3.03,3.14,3.02,173651026.0
2024-12-11,600751,海航科技,3.02,3.12,3.12,3.01,213096123.0
2024-12-12,600751,海航科技,3.12,3.08,3.14,3.04,137582907.0
2024-12-13,600751,海航科技,3.05,2.99,3.08,2.99,130892135.0
2024-12-16,600751,海航科技,3.0,2.98,3.03,2.96,119505541.0
2024-12-17,600751,海航科技,2.98,2.9,2.99,2.89,114202850.0
2024-12-18,600751,海航科技,2.9,2.92,2.97,2.9,79789932.0
2024-12-19,600751,海航科技,2.9,2.88,2.92,2.84,76981801.0
2024-12-20,600751,海航科技,2.89,2.88,2.91,2.86,66213887.0
2024-12-23,600751,海航科技,2.88,2.75,2.88,2.75,94071713.0
2024-12-24,600751,海航科技,2.76,2.78,2.81,2.74,74457470.0
2024-12-25,600751,海航科技,2.78,2.71,2.79,2.67,83129613.0
2024-12-26,600751,海航科技,2.7,2.69,2.73,2.67,57477783.0
2024-12-27,600751,海航科技,2.69,2.74,2.77,2.67,101100139.0
2024-12-30,600751,海航科技,2.75,2.7,2.75,2.67,67520668.0
2024-12-31,600751,海航科技,2.7,2.63,2.72,2.63,71149872.0
2025-01-02,600751,海航科技,2.62,2.56,2.66,2.52,90395966.0
2025-01-03,600751,海航科技,2.55,2.48,2.58,2.47,73738838.0
2025-01-06,600751,海航科技,2.48,2.49,2.52,2.43,59699689.0
2025-01-07,600751,海航科技,2.51,2.53,2.54,2.47,61793519.0
2025-01-08,600751,海航科技,2.53,2.5,2.54,2.44,63651386.0
2025-01-09,600751,海航科技,2.49,2.49,2.5,2.46,44108624.0
2025-01-10,600751,海航科技,2.49,2.42,2.51,2.41,44619544.0
2025-01-13,600751,海航科技,2.41,2.44,2.46,2.37,50640504.0
2025-01-14,600751,海航科技,2.44,2.54,2.54,2.44,73735349.0
2025-01-15,600751,海航科技,2.55,2.52,2.56,2.47,63533908.0
2025-01-16,600751,海航科技,2.53,2.55,2.6,2.53,66699229.0
2025-01-17,600751,海航科技,2.55,2.54,2.56,2.5,46030805.0
2025-01-20,600751,海航科技,2.57,2.56,2.61,2.52,61575295.0
2025-01-21,600751,海航科技,2.58,2.53,2.6,2.51,60205931.0
2025-01-22,600751,海航科技,2.52,2.46,2.53,2.46,76876542.0
2025-01-23,600751,海航科技,2.48,2.46,2.54,2.46,67165446.0
2025-01-24,600751,海航科技,2.46,2.51,2.51,2.44,64348265.0
2025-01-27,600751,海航科技,2.52,2.49,2.58,2.49,52816673.0
2025-02-05,600751,海航科技,2.51,2.52,2.54,2.5,60162961.0
2025-02-06,600751,海航科技,2.51,2.56,2.57,2.48,77284162.0
2025-02-07,600751,海航科技,2.56,2.63,2.65,2.56,107655694.0
2025-02-10,600751,海航科技,2.63,2.62,2.67,2.61,95526948.0
2025-02-11,600751,海航科技,2.63,2.59,2.64,2.56,75453070.0
2025-02-12,600751,海航科技,2.59,2.61,2.64,2.57,61055221.0
2025-02-13,600751,海航科技,2.61,2.58,2.62,2.58,59831912.0
2025-02-14,600751,海航科技,2.58,2.57,2.59,2.55,46153666.0
2025-02-17,600751,海航科技,2.58,2.57,2.61,2.55,74007173.0
2025-02-18,600751,海航科技,2.58,2.5,2.59,2.49,100198784.0
2025-02-19,600751,海航科技,2.5,2.5,2.52,2.47,59621682.0
2025-02-20,600751,海航科技,2.5,2.51,2.52,2.48,66688671.0
2025-02-21,600751,海航科技,2.5,2.48,2.52,2.46,68040116.0
2025-02-24,600751,海航科技,2.49,2.48,2.54,2.47,91462232.0
2025-02-25,600751,海航科技,2.46,2.48,2.51,2.44,68615147.0
2025-02-26,600751,海航科技,2.47,2.52,2.53,2.47,82559899.0
2025-02-27,600751,海航科技,2.51,2.49,2.55,2.46,99209575.0
2025-02-28,600751,海航科技,2.48,2.45,2.49,2.44,79873041.0
2025-03-03,600751,海航科技,2.44,2.45,2.48,2.44,68672926.0
2025-03-04,600751,海航科技,2.45,2.47,2.48,2.43,45418764.0
2025-03-05,600751,海航科技,2.48,2.72,2.72,2.44,239961862.0
2025-03-06,600751,海航科技,2.78,2.99,2.99,2.73,531090102.0
2025-03-07,600751,海航科技,2.99,2.81,3.05,2.81,596709641.0
2025-03-10,600751,海航科技,2.87,2.84,3.03,2.82,352249525.0
2025-03-11,600751,海航科技,2.81,2.83,2.85,2.76,210503335.0
2025-03-12,600751,海航科技,2.84,2.83,2.86,2.81,154285070.0
2025-03-13,600751,海航科技,2.83,2.79,2.84,2.76,124527051.0
2025-03-14,600751,海航科技,2.79,2.9,2.91,2.76,269047404.0
2025-03-17,600751,海航科技,2.95,2.89,3.0,2.88,217979760.0
2025-03-18,600751,海航科技,2.91,2.9,2.94,2.85,129977334.0
2025-03-19,600751,海航科技,2.89,2.84,2.89,2.82,111681160.0
2025-03-20,600751,海航科技,2.83,2.94,3.02,2.81,258750334.0
2025-03-21,600751,海航科技,2.94,3.0,3.11,2.91,446506693.0
2025-03-24,600751,海航科技,3.03,2.96,3.04,2.91,250900585.0
2025-03-25,600751,海航科技,2.96,2.89,2.96,2.88,131291689.0
2025-03-26,600751,海航科技,2.89,2.91,2.93,2.87,101864369.0
2025-03-27,600751,海航科技,2.91,2.86,2.91,2.84,99494630.0
2025-03-28,600751,海航科技,2.86,2.86,2.89,2.83,89321883.0
2025-03-31,600751,海航科技,2.86,2.84,2.96,2.83,100451393.0
2025-04-01,600751,海航科技,2.85,2.84,2.87,2.82,69196525.0
2025-04-02,600751,海航科技,2.85,2.84,2.87,2.82,53511471.0
2025-04-03,600751,海航科技,2.82,2.81,2.86,2.78,87776442.0
2025-04-07,600751,海航科技,2.7,2.53,2.7,2.53,115919907.0
2025-04-08,600751,海航科技,2.49,2.54,2.57,2.47,130749280.0
2025-04-09,600751,海航科技,2.52,2.61,2.63,2.39,126313021.0
2025-04-10,600751,海航科技,2.65,2.65,2.7,2.64,110585381.0
2025-04-11,600751,海航科技,2.65,2.92,2.92,2.64,169050329.0
